amfi_code,3Y_CAGR,Sharpe_Ratio,Alpha,Max_Drawdown,expense_ratio_pct,scheme_name,fund_house,CAGR_Rank,Sharpe_Rank,Alpha_Rank,Expense_Rank,Drawdown_Rank,CAGR_Score,Sharpe_Score,Alpha_Score,Expense_Score,Drawdown_Score,Fund_Score,Final_Rank
148567,0.33991970400445304,1.46250402900308,0.2698375144191807,-0.11265729075028275,1.46,Mirae Asset Large Cap Fund - Regular - Growth,Mirae Asset MF,2.0,1.0,7.0,23.0,8.0,97.43589743589743,100.0,84.61538461538461,43.58974358974359,82.05128205128204,85.89743589743588,1.0
120505,0.3176924285223732,1.1905585963067509,0.2926358334175106,-0.18188513572116294,1.36,ICICI Pru Midcap Fund - Regular - Growth,ICICI Prudential MF,5.0,5.0,3.0,15.0,25.0,89.74358974358975,89.74358974358975,94.87179487179486,64.1025641025641,38.46153846153847,81.7948717948718,2.0
120843,0.2957511058901836,1.3194419817117222,0.27330465038306057,-0.1297396816518679,1.45,Kotak Flexicap Fund - Regular - Growth,Kotak Mahindra MF,7.0,2.0,5.0,22.0,13.0,84.61538461538461,97.43589743589743,89.74358974358975,46.15384615384615,69.23076923076923,81.53846153846153,3.0
100033,0.3243397122906222,1.1043517629506803,0.2719535450128533,-0.16217208574644848,1.38,HDFC Mid-Cap Opportunities Fund - Regular - Growth,HDFC Mutual Fund,4.0,7.0,6.0,16.0,20.0,92.3076923076923,84.61538461538461,87.17948717948718,61.53846153846154,51.28205128205128,80.64102564102562,4.0
120504,0.32478927222623,1.0405688566490552,0.2119482701352573,-0.12588275606922517,0.8,ICICI Pru Bluechip Fund - Direct - Growth,ICICI Prudential MF,3.0,10.0,13.0,12.0,12.0,94.87179487179486,76.92307692307693,69.23076923076923,71.7948717948718,71.7948717948718,79.48717948717949,5.0
119094,0.35102527889035406,1.008625789131447,0.2607666908004223,-0.20960883862039192,1.38,Axis Midcap Fund - Regular - Growth,Axis Mutual Fund,1.0,11.0,9.0,16.0,28.0,100.0,74.35897435897436,79.48717948717949,61.53846153846154,30.76923076923077,76.7948717948718,6.0
119551,0.3044861306002782,1.222947214685128,0.23201007160635082,-0.1501238549864533,1.54,SBI Bluechip Fund - Regular Plan - Growth,SBI Mutual Fund,6.0,4.0,10.0,30.0,17.0,87.17948717948718,92.3076923076923,76.92307692307693,25.64102564102564,58.97435897435898,74.35897435897435,7.0
148569,0.2917135767741186,1.2463441409620546,0.2827036785246582,-0.1639674294693263,1.6,Mirae Asset Tax Saver Fund - Regular - Growth,Mirae Asset MF,8.0,3.0,4.0,36.0,21.0,82.05128205128204,94.87179487179486,92.3076923076923,10.256410256410255,48.717948717948715,73.2051282051282,8.0
101206,0.28960211096593724,1.0410608155745142,0.21399784776051212,-0.11291596329323073,1.6,ABSL Frontline Equity Fund - Regular - Growth,Aditya Birla Sun Life MF,9.0,9.0,12.0,36.0,9.0,79.48717948717949,79.48717948717949,71.7948717948718,10.256410256410255,79.48717948717949,67.56410256410257,9.0
119598,0.2666309129954312,0.9533324621776287,0.3033696538698332,-0.2870600572176455,1.43,SBI Small Cap Fund - Regular Plan - Growth,SBI Mutual Fund,12.0,14.0,1.0,21.0,36.0,71.7948717948718,66.66666666666666,100.0,48.717948717948715,10.256410256410255,66.53846153846153,10.0
149324,0.2699350260734621,0.9579170598994395,0.3005787817097677,-0.31171900300634214,1.52,DSP Small Cap Fund - Regular - Growth,DSP Mutual Fund,10.0,13.0,2.0,26.0,37.0,76.92307692307693,69.23076923076923,97.43589743589743,35.8974358974359,7.6923076923076925,66.02564102564104,11.0
149323,0.26863103668817145,1.1434895599140866,0.26598577542043045,-0.17248105753451382,1.61,DSP Midcap Fund - Regular - Growth,DSP Mutual Fund,11.0,6.0,8.0,38.0,22.0,74.35897435897436,87.17948717948718,82.05128205128204,5.128205128205128,46.15384615384615,65.8974358974359,12.0
118632,0.22646647456747715,1.0959175992660923,0.21829397904608644,-0.17414075086657232,1.51,Nippon India Large Cap Fund - Regular - Growth,Nippon India MF,14.0,8.0,11.0,24.0,23.0,66.66666666666666,82.05128205128204,74.35897435897436,41.02564102564102,43.58974358974359,65.8974358974359,12.0
119552,0.16263375081360643,0.9677516848309506,0.1986859936686296,-0.11803493502764295,0.66,SBI Bluechip Fund - Direct Plan - Growth,SBI Mutual Fund,23.0,12.0,15.0,4.0,11.0,43.58974358974359,71.7948717948718,64.1025641025641,92.3076923076923,74.35897435897436,65.12820512820512,14.0
125497,0.18429918008610047,0.7895427197023165,0.17729754927531766,-0.15200013055606398,0.92,HDFC Top 100 Fund - Direct Plan - Growth,HDFC Mutual Fund,19.0,19.0,16.0,14.0,18.0,53.84615384615385,53.84615384615385,61.53846153846154,66.66666666666666,56.41025641025641,57.56410256410256,15.0
118635,0.2000321571698329,0.6803950621402518,0.1513635464823924,-0.1165062450540909,0.89,Nippon India ETF Nifty 50 BeES,Nippon India MF,17.0,20.0,23.0,13.0,10.0,58.97435897435898,51.28205128205128,43.58974358974359,69.23076923076923,76.92307692307693,57.30769230769231,16.0
118633,0.21084691029380598,0.6596198173038668,0.15643835948169668,-0.18629743138595511,0.72,Nippon India Large Cap Fund - Direct - Growth,Nippon India MF,15.0,22.0,22.0,5.0,26.0,64.1025641025641,46.15384615384615,46.15384615384615,89.74358974358975,35.8974358974359,57.05128205128205,17.0
102885,0.19662361245910964,0.8328147683762688,0.17048756803412696,-0.1085986215250232,1.57,UTI Nifty 50 Index Fund - Regular - Growth,UTI Mutual Fund,18.0,17.0,19.0,34.0,7.0,56.41025641025641,58.97435897435898,53.84615384615385,15.384615384615385,84.61538461538461,53.205128205128204,18.0
148568,0.14744434832760533,0.9393621577599311,0.20873010086942337,-0.1527259422823477,1.52,Mirae Asset Emerging Bluechip Fund - Regular - Growth,Mirae Asset MF,24.0,15.0,14.0,26.0,19.0,41.02564102564102,64.1025641025641,66.66666666666666,35.8974358974359,53.84615384615385,52.43589743589744,19.0
120503,0.13974980348212673,0.8125023019488139,0.17703302365844073,-0.13897862823061635,1.42,ICICI Pru Bluechip Fund - Regular - Growth,ICICI Prudential MF,25.0,18.0,17.0,20.0,14.0,38.46153846153847,56.41025641025641,58.97435897435898,51.28205128205128,66.66666666666666,51.794871794871796,20.0
120507,0.07392538786263403,0.9041623305389642,0.06746210411099539,-0.0009773140045925555,0.74,ICICI Pru Liquid Fund - Regular - Growth,ICICI Prudential MF,29.0,16.0,31.0,7.0,1.0,28.205128205128204,61.53846153846154,23.076923076923077,84.61538461538461,100.0,51.15384615384615,21.0
120506,0.18417429266835228,0.6621241011051734,0.1625385327998104,-0.1982565826298267,1.41,ICICI Pru Value Discovery Fund - Regular - Growth,ICICI Prudential MF,20.0,21.0,20.0,19.0,27.0,51.28205128205128,48.717948717948715,51.28205128205128,53.84615384615385,33.33333333333333,49.23076923076923,22.0
119093,0.20811559826631898,0.14404122210428397,0.08232801295222093,-0.21751396370148224,0.75,Axis Bluechip Fund - Direct - Growth,Axis Mutual Fund,16.0,30.0,28.0,8.0,31.0,61.53846153846154,25.64102564102564,30.76923076923077,82.05128205128204,23.076923076923077,45.641025641025635,23.0
102887,0.25549670172502026,0.632319243278044,0.16211256794033255,-0.21539827112383225,1.64,UTI Flexi Cap Fund - Regular - Growth,UTI Mutual Fund,13.0,23.0,21.0,39.0,30.0,69.23076923076923,43.58974358974359,48.717948717948715,2.564102564102564,25.64102564102564,44.35897435897436,24.0
120844,0.06694394239074852,0.30425182333434436,0.06455677495375998,-0.0011629327956168556,0.6,Kotak Liquid Fund - Regular - Growth,Kotak Mahindra MF,30.0,28.0,32.0,3.0,2.0,25.64102564102564,30.76923076923077,20.51282051282051,94.87179487179486,97.43589743589743,43.46153846153846,25.0
149322,0.1803973982038829,0.4780917280523983,0.13173190226099432,-0.14844576917771746,1.54,DSP Top 100 Equity Fund - Regular - Growth,DSP Mutual Fund,21.0,25.0,24.0,30.0,16.0,48.717948717948715,38.46153846153847,41.02564102564102,25.64102564102564,61.53846153846154,42.43589743589743,26.0
125498,0.11242518737374207,0.31160409740522227,0.11989100971217971,-0.21117279560132118,0.78,HDFC Mid-Cap Opportunities Fund - Direct - Growth,HDFC Mutual Fund,26.0,27.0,26.0,10.0,29.0,35.8974358974359,33.33333333333333,35.8974358974359,76.92307692307693,28.205128205128204,40.641025641025635,27.0
120841,0.1726301444443794,0.5092559163430059,0.13042924450705445,-0.1757361416468729,1.59,Kotak Bluechip Fund - Regular - Growth,Kotak Mahindra MF,22.0,24.0,25.0,35.0,24.0,46.15384615384615,41.02564102564102,38.46153846153847,12.82051282051282,41.02564102564102,37.82051282051282,28.0
118634,0.080060298597036,0.4564261243061777,0.1750072167561127,-0.2334488614483311,1.53,Nippon India Small Cap Fund - Regular - Growth,Nippon India MF,27.0,26.0,18.0,28.0,32.0,33.33333333333333,35.8974358974359,56.41025641025641,30.76923076923077,20.51282051282051,36.92307692307692,29.0
119120,0.05838988442093762,-0.17572336328229415,0.05620895216638369,-0.04328728923970093,0.77,SBI Magnum Gilt Fund - Regular Plan - Growth,SBI Mutual Fund,32.0,35.0,34.0,9.0,5.0,20.51282051282051,12.82051282051282,15.384615384615385,79.48717948717949,89.74358974358975,33.333333333333336,30.0
118636,0.04061259859840338,-0.30601321923949243,0.05074772999976104,-0.08316361763638702,0.55,Nippon India Gilt Securities Fund - Regular - Growth,Nippon India MF,33.0,38.0,35.0,1.0,6.0,17.94871794871795,5.128205128205128,12.82051282051282,100.0,87.17948717948718,32.94871794871795,31.0
101208,0.06314299292105274,-0.41722938246152713,0.060861457957871144,-0.0016224980244717857,0.79,ABSL Liquid Fund - Regular - Growth,Aditya Birla Sun Life MF,31.0,39.0,33.0,11.0,3.0,23.076923076923077,2.564102564102564,17.94871794871795,74.35897435897436,94.87179487179486,31.794871794871796,32.0
100025,0.03915479354684703,-0.5154378235861931,0.042817920315060876,-0.04308263824636349,0.56,HDFC Short Term Debt Fund - Regular - Growth,HDFC Mutual Fund,34.0,40.0,38.0,2.0,4.0,15.384615384615385,0.0,5.128205128205128,97.43589743589743,92.3076923076923,29.48717948717949,33.0
120842,0.0775416750547262,0.08727318479040212,0.0780443887615508,-0.24003511326274884,1.56,Kotak Emerging Equity Fund - Regular - Growth,Kotak Mahindra MF,28.0,31.0,29.0,33.0,33.0,30.76923076923077,23.076923076923077,28.205128205128204,17.94871794871795,17.94871794871795,25.12820512820513,34.0
119599,-0.01337083602283895,-0.049101169454301964,0.048824215945539845,-0.5257422117012851,0.72,SBI Small Cap Fund - Direct Plan - Growth,SBI Mutual Fund,38.0,33.0,36.0,5.0,40.0,5.128205128205128,17.94871794871795,10.256410256410255,89.74358974358975,0.0,21.53846153846154,35.0
119092,0.005257668501786883,0.04524532299034367,0.0689952982167755,-0.1440161790933726,1.64,Axis Bluechip Fund - Regular - Growth,Axis Mutual Fund,36.0,32.0,30.0,39.0,15.0,10.256410256410255,20.51282051282051,25.64102564102564,2.564102564102564,64.1025641025641,20.128205128205128,36.0
101207,-0.04151453816140693,0.17048069518831582,0.10897091901704538,-0.3544691649336603,1.53,ABSL Small Cap Fund - Regular - Growth,Aditya Birla Sun Life MF,39.0,29.0,27.0,28.0,38.0,2.564102564102564,28.205128205128204,33.33333333333333,30.76923076923077,5.128205128205128,19.615384615384613,37.0
119095,-0.11703299329834216,-0.0679256784693741,0.04801595363775955,-0.5167775370852656,1.38,Axis Small Cap Fund - Regular - Growth,Axis Mutual Fund,40.0,34.0,37.0,16.0,39.0,0.0,15.384615384615385,7.6923076923076925,61.53846153846154,2.564102564102564,14.871794871794872,38.0
102886,-0.007672319440258146,-0.1947073805832031,0.02896939786637944,-0.2800112356639287,1.51,UTI Mid Cap Fund - Regular - Growth,UTI Mutual Fund,37.0,37.0,40.0,24.0,35.0,7.6923076923076925,7.6923076923076925,0.0,41.02564102564102,12.82051282051282,11.666666666666664,39.0
100016,0.012923525892154508,-0.18765046878624,0.03747580763443281,-0.24734440880673303,1.55,HDFC Top 100 Fund - Regular Plan - Growth,HDFC Mutual Fund,35.0,36.0,39.0,32.0,34.0,12.82051282051282,10.256410256410255,2.564102564102564,20.51282051282051,15.384615384615385,11.538461538461538,40.0
