category,fund_count,avg_return_3yr,avg_sharpe_ratio,avg_sortino_ratio,avg_volatility
Small Cap,6,21.686666666666667,0.87,1.3766666666666667,25.0
Mid Cap,7,16.59,0.8714285714285713,1.3471428571428572,19.0
Flexi Cap,2,15.495000000000001,0.97,1.4700000000000002,16.0
Value,1,14.76,0.98,1.5,15.0
Large & Mid Cap,1,14.56,0.91,1.55,16.0
ELSS,1,13.58,0.8,1.03,17.0
Large Cap,14,12.985714285714286,0.9278571428571428,1.425,14.0
Index,1,12.1,0.93,1.29,13.0
Index/ETF,1,11.77,0.91,1.24,13.0
Short Duration,1,7.37,1.84,2.79,4.0
Liquid,3,6.333333333333333,6.333333333333333,9.61,0.5
Gilt,2,5.6899999999999995,1.425,2.245,4.0
