category,fund_count,avg_return_3yr,avg_sharpe_ratio,avg_sortino_ratio,avg_volatility,risk_adjusted_score
Liquid,3,6.333333333333333,6.333333333333333,9.61,0.5,12.666666666666666
Short Duration,1,7.37,1.84,2.79,4.0,1.8425
Gilt,2,5.6899999999999995,1.425,2.245,4.0,1.4224999999999999
Value,1,14.76,0.98,1.5,15.0,0.984
Flexi Cap,2,15.495000000000001,0.97,1.4700000000000002,16.0,0.9684375000000001
Index,1,12.1,0.93,1.29,13.0,0.9307692307692308
Large Cap,14,12.985714285714286,0.9278571428571428,1.425,14.0,0.9275510204081633
Large & Mid Cap,1,14.56,0.91,1.55,16.0,0.91
Index/ETF,1,11.77,0.91,1.24,13.0,0.9053846153846153
Mid Cap,7,16.59,0.8714285714285713,1.3471428571428572,19.0,0.8731578947368421
Small Cap,6,21.686666666666667,0.87,1.3766666666666667,25.0,0.8674666666666667
ELSS,1,13.58,0.8,1.03,17.0,0.7988235294117647
