amfi_code,scheme_name,category,return_3yr_pct,sharpe_ratio,sortino_ratio,std_dev_ann_pct
120507,ICICI Pru Liquid Fund - Regular - Growth,Liquid,7.68,7.68,10.37,0.5
120844,Kotak Liquid Fund - Regular - Growth,Liquid,6.18,6.18,9.7,0.5
101208,ABSL Liquid Fund - Regular - Growth,Liquid,5.14,5.14,8.76,0.5
100025,HDFC Short Term Debt Fund - Regular - Growth,Short Duration,7.37,1.84,2.79,4.0
119120,SBI Magnum Gilt Fund - Regular Plan - Growth,Gilt,6.07,1.52,2.11,4.0
118636,Nippon India Gilt Securities Fund - Regular - Growth,Gilt,5.31,1.33,2.38,4.0
148567,Mirae Asset Large Cap Fund - Regular - Growth,Large Cap,14.81,1.06,1.66,14.0
100016,HDFC Top 100 Fund - Regular Plan - Growth,Large Cap,14.84,1.06,1.7,14.0
120504,ICICI Pru Bluechip Fund - Direct - Growth,Large Cap,14.41,1.03,1.27,14.0
118632,Nippon India Large Cap Fund - Regular - Growth,Large Cap,14.0,1.0,1.68,14.0
120506,ICICI Pru Value Discovery Fund - Regular - Growth,Value,14.76,0.98,1.5,15.0
101206,ABSL Frontline Equity Fund - Regular - Growth,Large Cap,13.78,0.98,1.25,14.0
120843,Kotak Flexicap Fund - Regular - Growth,Flexi Cap,15.65,0.98,1.57,16.0
125497,HDFC Top 100 Fund - Direct Plan - Growth,Large Cap,13.38,0.96,1.45,14.0
102887,UTI Flexi Cap Fund - Regular - Growth,Flexi Cap,15.34,0.96,1.37,16.0
120842,Kotak Emerging Equity Fund - Regular - Growth,Mid Cap,18.23,0.96,1.27,19.0
120505,ICICI Pru Midcap Fund - Regular - Growth,Mid Cap,18.08,0.95,1.45,19.0
119598,SBI Small Cap Fund - Regular Plan - Growth,Small Cap,23.39,0.94,1.35,25.0
102885,UTI Nifty 50 Index Fund - Regular - Growth,Index,12.1,0.93,1.29,13.0
119599,SBI Small Cap Fund - Direct Plan - Growth,Small Cap,23.14,0.93,1.67,25.0
149322,DSP Top 100 Equity Fund - Regular - Growth,Large Cap,12.82,0.92,1.63,14.0
148568,Mirae Asset Emerging Bluechip Fund - Regular - Growth,Large & Mid Cap,14.56,0.91,1.55,16.0
118635,Nippon India ETF Nifty 50 BeES,Index/ETF,11.77,0.91,1.24,13.0
149323,DSP Midcap Fund - Regular - Growth,Mid Cap,17.16,0.9,1.5,19.0
101207,ABSL Small Cap Fund - Regular - Growth,Small Cap,22.38,0.9,1.47,25.0
118633,Nippon India Large Cap Fund - Direct - Growth,Large Cap,12.33,0.88,1.48,14.0
119551,SBI Bluechip Fund - Regular Plan - Growth,Large Cap,12.36,0.88,1.29,14.0
100033,HDFC Mid-Cap Opportunities Fund - Regular - Growth,Mid Cap,16.58,0.87,1.44,19.0
120841,Kotak Bluechip Fund - Regular - Growth,Large Cap,12.25,0.87,1.34,14.0
119093,Axis Bluechip Fund - Direct - Growth,Large Cap,12.14,0.87,1.54,14.0
119092,Axis Bluechip Fund - Regular - Growth,Large Cap,11.84,0.85,1.25,14.0
119095,Axis Small Cap Fund - Regular - Growth,Small Cap,20.98,0.84,1.4,25.0
120503,ICICI Pru Bluechip Fund - Regular - Growth,Large Cap,11.54,0.82,1.12,14.0
102886,UTI Mid Cap Fund - Regular - Growth,Mid Cap,15.61,0.82,1.21,19.0
119552,SBI Bluechip Fund - Direct Plan - Growth,Large Cap,11.3,0.81,1.29,14.0
118634,Nippon India Small Cap Fund - Regular - Growth,Small Cap,20.15,0.81,1.14,25.0
125498,HDFC Mid-Cap Opportunities Fund - Direct - Growth,Mid Cap,15.29,0.8,1.38,19.0
119094,Axis Midcap Fund - Regular - Growth,Mid Cap,15.18,0.8,1.18,19.0
148569,Mirae Asset Tax Saver Fund - Regular - Growth,ELSS,13.58,0.8,1.03,17.0
149324,DSP Small Cap Fund - Regular - Growth,Small Cap,20.08,0.8,1.23,25.0
