amfi_code,scheme_name,category,return_3yr_pct,sharpe_ratio,sortino_ratio,risk_grade,risk_adjusted_score
120507,ICICI Pru Liquid Fund - Regular - Growth,Liquid,7.68,7.68,10.37,Low,135.56199999999998
120844,Kotak Liquid Fund - Regular - Growth,Liquid,6.18,6.18,9.7,Low,115.86199999999998
101208,ABSL Liquid Fund - Regular - Growth,Liquid,5.14,5.14,8.76,Low,99.826
100025,HDFC Short Term Debt Fund - Regular - Growth,Short Duration,7.37,1.84,2.79,Low,36.218
119120,SBI Magnum Gilt Fund - Regular Plan - Growth,Gilt,6.07,1.52,2.11,Low,28.937999999999995
118636,Nippon India Gilt Securities Fund - Regular - Growth,Gilt,5.31,1.33,2.38,Low,27.989
119599,SBI Small Cap Fund - Direct Plan - Growth,Small Cap,23.14,0.93,1.67,Very High,27.371000000000002
119598,SBI Small Cap Fund - Regular Plan - Growth,Small Cap,23.39,0.94,1.35,Very High,25.976
101207,ABSL Small Cap Fund - Regular - Growth,Small Cap,22.38,0.9,1.47,Very High,25.752000000000002
100016,HDFC Top 100 Fund - Regular Plan - Growth,Large Cap,14.84,1.06,1.7,Moderate,25.566
148567,Mirae Asset Large Cap Fund - Regular - Growth,Large Cap,14.81,1.06,1.66,Moderate,25.354
118632,Nippon India Large Cap Fund - Regular - Growth,Large Cap,14.0,1.0,1.68,Moderate,24.5
120505,ICICI Pru Midcap Fund - Regular - Growth,Mid Cap,18.08,0.95,1.45,High,24.457
120843,Kotak Flexicap Fund - Regular - Growth,Flexi Cap,15.65,0.98,1.57,Moderately High,24.400000000000002
119095,Axis Small Cap Fund - Regular - Growth,Small Cap,20.98,0.84,1.4,Very High,24.212
149323,DSP Midcap Fund - Regular - Growth,Mid Cap,17.16,0.9,1.5,High,23.814
120842,Kotak Emerging Equity Fund - Regular - Growth,Mid Cap,18.23,0.96,1.27,High,23.722
120506,ICICI Pru Value Discovery Fund - Regular - Growth,Value,14.76,0.98,1.5,Moderately High,23.694
148568,Mirae Asset Emerging Bluechip Fund - Regular - Growth,Large & Mid Cap,14.56,0.91,1.55,Moderately High,23.129
102887,UTI Flexi Cap Fund - Regular - Growth,Flexi Cap,15.34,0.96,1.37,Moderately High,23.066
100033,HDFC Mid-Cap Opportunities Fund - Regular - Growth,Mid Cap,16.58,0.87,1.44,High,22.967
149322,DSP Top 100 Equity Fund - Regular - Growth,Large Cap,12.82,0.92,1.63,Moderate,22.938
120504,ICICI Pru Bluechip Fund - Direct - Growth,Large Cap,14.41,1.03,1.27,Moderate,22.929000000000002
125497,HDFC Top 100 Fund - Direct Plan - Growth,Large Cap,13.38,0.96,1.45,Moderate,22.682
149324,DSP Small Cap Fund - Regular - Growth,Small Cap,20.08,0.8,1.23,Very High,22.582
118634,Nippon India Small Cap Fund - Regular - Growth,Small Cap,20.15,0.81,1.14,Very High,22.264999999999997
101206,ABSL Frontline Equity Fund - Regular - Growth,Large Cap,13.78,0.98,1.25,Moderate,22.052
119093,Axis Bluechip Fund - Direct - Growth,Large Cap,12.14,0.87,1.54,Moderate,21.691
118633,Nippon India Large Cap Fund - Direct - Growth,Large Cap,12.33,0.88,1.48,Moderate,21.572
125498,HDFC Mid-Cap Opportunities Fund - Direct - Growth,Mid Cap,15.29,0.8,1.38,High,21.415999999999997
102885,UTI Nifty 50 Index Fund - Regular - Growth,Index,12.1,0.93,1.29,Moderate,21.055
102886,UTI Mid Cap Fund - Regular - Growth,Mid Cap,15.61,0.82,1.21,High,20.904
120841,Kotak Bluechip Fund - Regular - Growth,Large Cap,12.25,0.87,1.34,Moderate,20.735
119551,SBI Bluechip Fund - Regular Plan - Growth,Large Cap,12.36,0.88,1.29,Moderate,20.633999999999997
118635,Nippon India ETF Nifty 50 BeES,Index/ETF,11.77,0.91,1.24,Moderate,20.463
119094,Axis Midcap Fund - Regular - Growth,Mid Cap,15.18,0.8,1.18,High,20.371999999999996
119092,Axis Bluechip Fund - Regular - Growth,Large Cap,11.84,0.85,1.25,Moderate,19.910999999999998
119552,SBI Bluechip Fund - Direct Plan - Growth,Large Cap,11.3,0.81,1.29,Moderate,19.474999999999998
148569,Mirae Asset Tax Saver Fund - Regular - Growth,ELSS,13.58,0.8,1.03,High,18.982
120503,ICICI Pru Bluechip Fund - Regular - Growth,Large Cap,11.54,0.82,1.12,Moderate,18.826
