amfi_code,hhi,sector_count,hhi_10000,concentration
119092,0.29676909,7,2967.6909,High Concentration
148569,0.25499194,7,2549.9193999999998,High Concentration
125498,0.253155,6,2531.55,High Concentration
102887,0.25138255,6,2513.8255,High Concentration
149323,0.24107664,7,2410.7664,Moderate Concentration
120505,0.23869504,7,2386.9504,Moderate Concentration
118635,0.23749677,6,2374.9677,Moderate Concentration
119599,0.23236120000000002,7,2323.612,Moderate Concentration
120506,0.23146434000000002,7,2314.6434000000004,Moderate Concentration
100033,0.22764743999999998,7,2276.4743999999996,Moderate Concentration
119552,0.22750834999999997,7,2275.0834999999997,Moderate Concentration
101207,0.22272651000000002,6,2227.2651,Moderate Concentration
120504,0.22121302999999998,8,2212.1303,Moderate Concentration
118633,0.22120032000000003,7,2212.0032000000006,Moderate Concentration
148568,0.21808584999999997,6,2180.8585,Moderate Concentration
120841,0.21589315000000003,7,2158.9315,Moderate Concentration
118632,0.20725894,6,2072.5894,Moderate Concentration
148567,0.20124815,6,2012.4814999999999,Moderate Concentration
149324,0.18870081999999994,9,1887.0081999999993,Moderate Concentration
119598,0.18808485000000003,7,1880.8485000000003,Moderate Concentration
119093,0.1842332,8,1842.332,Moderate Concentration
149322,0.18269533000000002,7,1826.9533000000001,Moderate Concentration
120503,0.18216749999999998,7,1821.6749999999997,Moderate Concentration
102885,0.18071201999999997,8,1807.1201999999998,Moderate Concentration
100016,0.18058807999999998,8,1805.8808,Moderate Concentration
101206,0.18004225000000004,7,1800.4225000000004,Moderate Concentration
119094,0.17510025,6,1751.0025,Moderate Concentration
125497,0.17241088,7,1724.1088,Moderate Concentration
120842,0.16206189,8,1620.6189,Moderate Concentration
118634,0.16029924,8,1602.9924,Moderate Concentration
119095,0.15958229000000002,8,1595.8229000000001,Moderate Concentration
119551,0.14249103999999999,8,1424.9103999999998,Low Concentration
120843,0.13620616000000002,9,1362.0616000000002,Low Concentration
102886,0.12402024,10,1240.2024000000001,Low Concentration
