category,avg_return_3yr,avg_volatility,risk_adjusted_score,return_score,risk_score,balanced_score
Small Cap,21.686666666666667,25.0,0.8674666666666667,100.0,0.0,60.0
Flexi Cap,15.495000000000001,16.0,0.9684375000000001,71.44943129418998,36.0,57.269658776513985
Value,14.76,15.0,0.984,68.06025207500768,40.0,56.83615124500461
Liquid,6.333333333333333,0.5,12.666666666666666,29.203811865969868,98.0,56.72228711958192
Mid Cap,16.59,19.0,0.8731578947368421,76.49861666154318,24.0,55.49916999692591
Large & Mid Cap,14.56,16.0,0.91,67.13802643713495,36.0,54.68281586228097
Short Duration,7.37,4.0,1.8425,33.984014755610204,84.0,53.99040885336612
Large Cap,12.985714285714286,14.0,0.9275510204081633,59.878793201879574,43.99999999999999,53.52727592112774
Index,12.1,13.0,0.9307692307692308,55.79465109130033,48.0,52.6767906547802
Index/ETF,11.77,13.0,0.9053846153846153,54.27297878881032,48.0,51.76378727328619
ELSS,13.58,17.0,0.7988235294117647,62.61912081155856,31.999999999999996,50.37147248693513
Gilt,5.6899999999999995,4.0,1.4224999999999999,26.237319397479247,84.0,49.34239163848755
