category,avg_return_3yr,avg_volatility,risk_adjusted_score
Small Cap,21.686666666666667,25.0,0.8674666666666667
Mid Cap,16.59,19.0,0.8731578947368421
Flexi Cap,15.495000000000001,16.0,0.9684375000000001
Value,14.76,15.0,0.984
Large & Mid Cap,14.56,16.0,0.91
ELSS,13.58,17.0,0.7988235294117647
Large Cap,12.985714285714286,14.0,0.9275510204081633
Index,12.1,13.0,0.9307692307692308
Index/ETF,11.77,13.0,0.9053846153846153
Short Duration,7.37,4.0,1.8425
Liquid,6.333333333333333,0.5,12.666666666666666
Gilt,5.6899999999999995,4.0,1.4224999999999999
